Фамилия	Имя	Отчество	Логин	Пароль	Роль	Фото
 Ершов 	Федосей	Геласьевич	loginDEizo2018	0wQJ2L	Клиент	
Абрамов 	Игорь	Семёнович	loginDEsmd2018	ZWSZHe	Клиент	
Абрамова 	Милица	Аристарховна	loginDEufs2018	7CLi&1	Администратор	
Абрамова 	Оксана	Ростиславовна	loginDExrn2018	eaI8ng	Клиент	
Авдеева 	Жанна	Куприяновна	loginDEhmn2018	a|Iz|7	Менеджер	
Авдеева 	Елизавета	Федотовна	loginDEbbl2018	BXfnEL	Администратор	
Агафонов 	Егор	Еремеевич	loginDEuvg2018	}rhenI	Менеджер	
Агафонов 	Владлен	Станиславович	loginDEfou2018	O+S9hm	Клиент	
Агафонова 	Лариса	Михаиловна	loginDEiry2018	5zu7+}	Менеджер	
Аксёнова 	Маргарита	Артёмовна	loginDEtad2018	cp1gN+	Клиент	
Александров 	Владимир	Дамирович	loginDEuuo2018	42XmH1	Клиент	
Александров 	Евсей	Тихонович	loginDExkt2018	2EyCBy	Менеджер	
Александрова 	Иванна	Лаврентьевна	loginDEjkw2018	8I8Yk1	Клиент	
Александрова 	Анжелика	Евгеньевна	loginDEbye2018	sHjuzU	Менеджер	
Александрова 	Марфа	Протасьевна	loginDEvoa2018	RdGikC	Клиент	
Алексеев 	Виктор	Васильевич	loginDExfm2018	mh6|JS	Администратор	
Алексеев 	Владислав	Аркадьевич	loginDEbct2018	Qg3gff	Клиент	
Андреев 	Ростислав	Федосеевич	loginDEtlo2018	58Jxrg	Администратор	
Андреева 	Анна	Вячеславовна	loginDEddg2018	gGGhvD	Администратор	
Андреева 	Нина	Михаиловна	loginDEkbf2018	mBqfYS	Администратор	
Андреева 	Александра	Владиславовна	loginDEhks2018	XV|+W4	Менеджер	
Антонов 	Андрей	Георгьевич	loginDEnxj2018	Y+Yif+	Администратор	
Антонов 	Германн	Мартынович	loginDEgdn2018	rkaUu0	Клиент	
Антонова 	Ульяна	Семёновна	loginDEjpp2018	oMOQq3	Клиент	
Артемьев 	Даниил	Филатович	loginDEikh2018	3yKW4y	Клиент	
Артемьев 	Варлам	Альбертович	loginDEkzo2018	n3es*S	Администратор	
Артемьева 	Вероника	Улебовна	loginDEqwf2018	YD3ird	Клиент	
Артемьева 	Фаина	Христофоровна	loginDEksx2018	gLTUuE	Администратор	
Архипов 	Варлам	Мэлорович	loginDErks2018	LQNSjo	Менеджер	
Архипов 	Агафон	Игоревич	loginDEozn2018	nndP3Q	Администратор	
Афанасьев 	Владлен	Евгеньевич	loginDEeyg2018	TOcMjG	Клиент	
Афанасьева 	Марфа	Куприяновна	loginDEzjn2018	E8c864	Менеджер	
Баранов 	Алексей	Авдеевич	loginDEbka2018	|AbflR	Менеджер	
Баранов 	Валерьян	Игнатьевич	loginDEgdb2018	xLvXN{	Администратор	
Баранов 	Андрей	Евсеевич	loginDEqdb2018	&S*k|o	Менеджер	
Баранов 	Станислав	Дмитрьевич	loginDEloq2018	NZV5WR	Администратор	
Баранов 	Анатолий	Митрофанович	loginDEdsu2018	aZZhZQ	Клиент	
Баранова 	Галина	Еремеевна	loginDEudz2018	Xcjvmi	Клиент	
Баранова 	Евдокия	Игнатьевна	loginDEfzb2018	0Q6cQY	Клиент	
Белов 	Геласий	Серапионович	loginDEuzv2018	|6J|mm	Администратор	
Белова 	Марфа	Матвеевна	loginDEepr2018	BG6tpN	Администратор	
Белозёров 	Андрей	Николаевич	loginDEkkb2018	#ИМЯ?	Администратор	
Белозёрова 	Юлия	Ростиславовна	loginDEset2018	CTN+IM	Администратор	
Белоусов 	Антонин	Яковович	loginDExzi2018	{+1T1M	Администратор	
Белоусов 	Евсей	Николаевич	loginDEcyg2018	UQA1Uu	Клиент	
Белоусова 	Любовь	Георгьевна	loginDEicr2018	3+|Sn{	Клиент	
Беляев 	Якун	Протасьевич	loginDEdoo2018	1jH&}l	Клиент	
Беляев 	Донат	Агафонович	loginDEyct2018	uD+|Ud	Администратор	
Беляев 	Валентин	Артёмович	loginDEmgu2018	0gC3bk	Менеджер	
Беляева 	Анна	Вячеславовна	loginDEjbz2018	xIAWNI	Администратор	
Беляков 	Владислав	Богданович	loginDEpmv2018	kjE3El	Клиент	
Беляков 	Семён	Германнович	loginDEmox2018	Je}9e7	Менеджер	
Беспалов 	Михаил	Фёдорович	loginDEnng2018	E{1p}t	Клиент	
Беспалов 	Демьян	Алексеевич	loginDEzdc2018	Zf8mx0	Клиент	
Беспалова 	Галина	Дмитрьевна	loginDEatu2018	}nGbhZ	Менеджер	
Блинов 	Мэлор	Дамирович	loginDExzu2018	Sch+GG	Клиент	
Блохин 	Парфений	Владленович	loginDEfae2018	pa&d4a	Администратор	
Блохина 	Александра	Митрофановна	loginDEooq2018	pSp9XX	Клиент	
Бобров 	Пётр	Леонидович	loginDEdje2018	Ros+rl	Клиент	
Бобров 	Агафон	Владимирович	loginDEsnd2018	lLHqZf	Администратор	
Бобылёв 	Якун	Альбертович	loginDEyis2018	qcBZOv	Клиент	
Бобылёва 	Юлия	Егоровна	loginDEmvn2018	Mrr9e0	Клиент	
Богданов 	Егор	Андреевич	loginDEefc2018	Zaj{+Y	Клиент	
Богданова 	Марфа	Владимировна	loginDEmrj2018	blrD&8	Администратор	
Большаков 	Владимир	Филатович	loginDEttt2018	1YOnW3	Менеджер	
Большаков 	Лаврентий	Валерьевич	loginDEwom2018	fU+Q0O	Администратор	
Большаков 	Федот	Владимирович	loginDEaua2018	OJgRk4	Менеджер	
Большакова 	Нинель	Протасьевна	loginDEqiv2018	h+N2uW	Администратор	
Борисова 	Анжелика	Анатольевна	loginDEanv2018	Xiq}M3	Администратор	
Борисова 	Синклитикия	Григорьевна	loginDEpfw2018	3kY3&K	Администратор	
Брагин 	Куприян	Митрофанович	loginDEpii2018	Ob}RZB	Клиент	
Брагин 	Бронислав	Георгьевич	loginDEfoj2018	nhGc+D	Администратор	
Брагина 	Анастасия	Кимовна	loginDEwqd2018	MF2TkC	Клиент	
Брагина 	Алина	Валерьевна	loginDEhuu2018	X31OEf	Клиент	
Буров 	Федот	Егорович	loginDEpou2018	gX3f5Z	Администратор	
Бурова 	Екатерина	Ефимовна	loginDEpgx2018	c**OJQ	Клиент	
Бурова 	Наина	Брониславовна	loginDEwap2018	4hny7k	Менеджер	
Быков 	Даниил	Антонинович	loginDEmxi2018	uEQkUn	Менеджер	
Васильев 	Серапион	Макарович	loginDExix2018	hzxtnn	Администратор	
Васильева 	Татьяна	Пётровна	loginDErvn2018	6G+AZH	Администратор	
Веселов 	Вячеслав	Аркадьевич	loginDEopr2018	Oklkhh	Менеджер	
Виноградов 	Матвей	Анатольевич	loginDEchx2018	S5c&fX	Клиент	
Виноградов 	Юрий	Лукьевич	loginDEilb2018	IN2Ahc	Менеджер	
Вишняков 	Никита	Семёнович	loginDEuvr2018	wu8lYK	Клиент	
Вишняков 	Сергей	Иванович	loginDEoxa2018	mL+97r	Клиент	
Вишнякова 	Прасковья	Всеволодовна	loginDEpty2018	m{Li1+	Администратор	
Вишнякова 	Ирина	Агафоновна	loginDEjgh2018	7w4c6u	Клиент	
Владимиров 	Геннадий	Еремеевич	loginDEfpm2018	oJ7&bs	Менеджер	
Владимирова 	Полина	Иринеевна	loginDEavf2018	oDTttg	Клиент	
Волков 	Федосей	Святославович	loginDEecw2018	V8}GOZ	Клиент	
Волков 	Ириней	Ефимович	loginDEpav2018	7eur3a	Менеджер	
Волкова 	Алла	Лукьевна	loginDEple2018	WlW+l8	Администратор	
Воробьёв 	Герман	Романович	loginDEdmi2018	HOGFbU	Клиент	
Воробьёв 	Мартын	Игоревич	loginDExeu2018	dObOMp	Клиент	
Воронов 	Донат	Никитевич	loginDEpxl2018	P6h4Jq	Администратор	
Воронов 	Митрофан	Антонович	loginDEvht2018	zMyS8Z	Клиент	
Воронова 	Алла	Юлиановна	loginDEyzh2018	8m6+}r	Клиент	
Воронцов 	Владимир	Игнатьевич	loginDEewk2018	4baKX7	Менеджер	
Воронцов 	Никита	Лаврентьевич	loginDEvzo2018	VO7mOE	Менеджер	
Воронцов 	Валерьян	Даниилович	loginDEkfs2018	q}b+Tf	Менеджер	
Воронцова 	Нонна	Дмитрьевна	loginDEhqg2018	0Z4{o3	Менеджер	
Гаврилов 	Демьян	Валентинович	loginDEgkj2018	yXC+SX	Администратор	
Гаврилова 	Алина	Эдуардовна	loginDEzna2018	yz1iMB	Клиент	
Галкин 	Авксентий	Ильяович	loginDEbvt2018	dQdmQF	Администратор	
Галкин 	Георгий	Фёдорович	loginDExrk2018	8&vYwK	Клиент	
Галкина 	Олимпиада	Владленовна	loginDEqrf2018	mI8n58	Менеджер	
Галкина 	Тамара	Авксентьевна	loginDEdvk2018	NKNkup	Администратор	
Герасимов 	Донат	Ефимович	loginDEsyc2018	IX+1o1	Менеджер	
Герасимов 	Демьян	Никитевич	loginDEnhf2018	PlKjdc	Клиент	
Герасимов 	Мстислав	Дамирович	loginDEqon2018	YeFbh6	Менеджер	
Герасимов 	Олег	Авксентьевич	loginDEetv2018	lNi&rF	Менеджер	
Герасимова 	Элеонора	Вадимовна	loginDEhns2018	oX7tXV	Клиент	
Горбачёв 	Ириней	Викторович	loginDEdwi2018	n*aog&	Менеджер	
Горбачёв 	Арсений	Григорьевич	loginDEszg2018	NWkAVP	Клиент	
Горбачёва 	Зоя	Куприяновна	loginDEfgs2018	#ИМЯ?	Клиент	
Горбунов 	Матвей	Сергеевич	loginDEnjd2018	0&3HHn	Клиент	
Горбунов 	Вячеслав	Станиславович	loginDEtto2018	qXYDuu	Менеджер	
Горбунов 	Валентин	Григорьевич	loginDEzal2018	zbU8R5	Менеджер	
Гордеев 	Виктор	Эдуардович	loginDEhyk2018	*gN}Tc	Администратор	
Гордеев 	Аристарх	Русланович	loginDEjcu2018	2+JLPl	Клиент	
Горшкова 	Агафья	Онисимовна	loginDEpst2018	0CyGnX	Клиент	
Григорьев 	Митрофан	Парфеньевич	loginDEybt2018	e7uyxU	Администратор	
Гришин 	Донат	Константинович	loginDEthx2018	+t}zCu	Администратор	
Гришина 	Глафира	Мэлсовна	loginDErid2018	vMG+ko	Менеджер	
Громов 	Куприян	Святославович	loginDEbhd2018	a80d5I	Менеджер	
Громов 	Егор	Антонович	loginDEnpa2018	M*QLjf	Клиент	
Громов 	Протасий	Георгьевич	loginDEljv2018	utbJSk	Администратор	
Громова 	Маргарита	Митрофановна	loginDEycc2018	YeTO&L	Клиент	
Громова 	Фаина	Лаврентьевна	loginDEnrq2018	pn{5RN	Клиент	
Громова 	Ульяна	Егоровна	loginDEvbv2018	4X6wL5	Администратор	
Гуляева 	Лидия	Ростиславовна	loginDEsze2018	S*{8Ml	Клиент	
Гурьев 	Ириней	Игнатьевич	loginDEvug2018	lEa{Cn	Клиент	
Гурьев 	Матвей	Артёмович	loginDEryt2018	XcFoH*	Администратор	
Гурьева 	Ольга	Аркадьевна	loginDEyzp2018	wFCnHN	Администратор	
Гурьева 	Ангелина	Матвеевна	loginDEaaf2018	SIBZnG	Менеджер	
Гусева 	Алина	Васильевна	loginDEelw2018	8m|p+S	Клиент	
Гущина 	Вера	Ефимовна	loginDEmda2018	sG+NF0	Администратор	
Гущина 	Анжела	Аркадьевна	loginDEwbk2018	iJMh5B	Менеджер	
Давыдова 	Елена	Георгьевна	loginDEgwm2018	S2JKft	Клиент	
Данилов 	Егор	Валентинович	loginDEkuy2018	s4Vm64	Администратор	
Данилова 	Ангелина	Аркадьевна	loginDEbzh2018	ysac1M	Клиент	
Дементьев 	Владлен	Глебович	loginDEaou2018	1E6ONr	Клиент	
Денисов 	Митрофан	Егорович	loginDExnj2018	IJDdP0	Менеджер	
Денисов 	Яков	Даниилович	loginDEjyt2018	E&Ac|h	Менеджер	
Денисов 	Святослав	Онисимович	loginDEyua2018	rW71Ck	Клиент	
Дмитриев 	Никита	Пётрович	loginDEaxl2018	V2S+Ih	Администратор	
Дмитриев 	Владислав	Аркадьевич	loginDEzhp2018	16+8Jh	Администратор	
Дмитриев 	Григорий	Мэлорович	loginDEpwa2018	yn5MLQ	Менеджер	
Доронин 	Митрофан	Лаврентьевич	loginDEend2018	SX8Z4A	Клиент	
Доронина 	Фаина	Якуновна	loginDEkma2018	jW{dgt	Клиент	
Дорофеев 	Александр	Авдеевич	loginDEvoe2018	zC6|UG	Администратор	
Дорофеева 	Надежда	Богдановна	loginDEyff2018	LB&hR+	Менеджер	
Дорофеева 	Валерия	Павловна	loginDEhic2018	OPCVb1	Клиент	
Дроздов 	Борис	Мэлорович	loginDEigl2018	L2J*KI	Администратор	
Дроздов 	Владислав	Эдуардович	loginDErhx2018	iCAe1v	Администратор	
Дроздов 	Дмитрий	Юлианович	loginDEgsp2018	9ACW}r	Клиент	
Дроздов 	Куприян	Александрович	loginDEvvs2018	oBv+5G	Менеджер	
Дьячков 	Фрол	Арсеньевич	loginDEdwq2018	WkTaBP	Менеджер	
Дьячкова 	Екатерина	Владленовна	loginDEjtt2018	eKlTzd	Администратор	
Евдокимов 	Алексей	Антонович	loginDEwxd2018	Smjq0v	Клиент	
Евдокимов 	Геннадий	Макарович	loginDEvmb2018	TY5Gd5	Администратор	
Евдокимова 	Людмила	Лаврентьевна	loginDEqhl2018	FQQRMz	Администратор	
Евсеев 	Эдуард	Протасьевич	loginDEzpr2018	#ИМЯ?	Менеджер	
Евсеев 	Денис	Борисович	loginDEcna2018	c4RbaU	Менеджер	
Евсеева 	Тамара	Эдуардовна	loginDExvb2018	QC7KQ0	Менеджер	
Евсеева 	Ксения	Георгьевна	loginDEndq2018	cv7LdO	Менеджер	
Егоров 	Евсей	Константинович	loginDEeeg2018	fIqIdE	Клиент	
Егорова 	Фёкла	Кондратовна	loginDEome2018	hAOrBa	Менеджер	
Ершов 	Виктор	Яковович	loginDErns2018	tz2wx5	Администратор	
Ершова 	Василиса	Ярославовна	loginDEfiy2018	nBm{qt	Администратор	
Ершова 	Элеонора	Ивановна	loginDEzyn2018	TSGsPV	Клиент	
Ершова 	Иванна	Максимовна	loginDEzqs2018	qM9p7i	Менеджер	
Ефимов 	Руслан	Якунович	loginDEzer2018	5&R+zs	Администратор	
Ефимов 	Руслан	Улебович	loginDEtur2018	#ССЫЛКА!	Администратор	
Ефимов 	Альвиан	Серапионович	loginDEmty2018	J20FCe	Менеджер	
Ефимова 	Дарья	Всеволодовна	loginDEuvi2018	U0W&Z&	Менеджер	
Ефимова 	Александра	Парфеньевна	loginDEusz2018	0||9by	Администратор	
Ефремов 	Протасий	Протасьевич	loginDEdby2018	rleZVk	Менеджер	
Ефремов 	Дмитрий	Мартынович	loginDEhjw2018	dFb{aw	Администратор	
Ефремов 	Дамир	Яковович	loginDExhi2018	l6eiog	Клиент	
Ефремов 	Демьян	Артёмович	loginDEjfb2018	TNT+}h	Менеджер	
Ефремов 	Христофор	Владиславович	loginDEyzn2018	P1v24R	Клиент	
Жданов 	Ярослав	Варламович	loginDEcxd2018	#ИМЯ?	Менеджер	
Жданов 	Степан	Аристархович	loginDErnv2018	gJ1NYR	Клиент	
Жданова 	Ангелина	Якуновна	loginDErvp2018	iIOsgI	Клиент	
Жданова 	Анна	Еремеевна	loginDEhio2018	3Aaqne	Менеджер	
Жуков 	Максим	Николаевич	loginDEsds2018	SxMndn	Администратор	
Журавлёв 	Агафон	Мэлсович	loginDEvqe2018	wJzfcY	Администратор	
Зайцев 	Аристарх	Егорович	loginDEszy2018	nq+dxM	Менеджер	
Зайцев 	Макар	Владленович	loginDEyqb2018	xLmuQq	Менеджер	
Зайцев 	Юрий	Анатольевич	loginDEfjj2018	dyv&fw	Клиент	
Зайцев 	Мэлс	Русланович	loginDEwsi2018	8|JAAt	Менеджер	
Зайцева 	Октябрина	Станиславовна	loginDEwvg2018	XcZ4xF	Администратор	
Захаров 	Артём	Вячеславович	loginDEqtm2018	fsKT+2	Клиент	
Захарова 	Маргарита	Авксентьевна	loginDEiai2018	OPjijt	Менеджер	
Зимин 	Василий	Русланович	loginDEssm2018	oBrTGr	Клиент	
Зимина 	Ольга	Аркадьевна	loginDEyoo2018	UG1BjP	Администратор	
Зиновьев 	Лукий	Владимирович	loginDEflj2018	alo84u	Клиент	
Зиновьева 	Варвара	Антоновна	loginDEluw2018	S3wj{I	Менеджер	
Зиновьева 	Мария	Лаврентьевна	loginDEdjm2018	KjI1JR	Менеджер	
Зуев 	Глеб	Игнатьевич	loginDEjhx2018	cQlCrZ	Администратор	
Зыков 	Богдан	Леонидович	loginDEill2018	5c|dSJ	Администратор	
Иван 	Семёновна		loginDEjwl2018	D4ZYHt	Менеджер	
Иван 	Вячеславовна		loginDEmel2018	8zmoSV	Администратор	
Иван 	Васильевна		loginDEwun2018	yy+Qhe	Клиент	
Иван 	Мэлоровна		loginDEtza2018	A7Qldh	Менеджер	
Иван 	Фёдоровна		loginDEupo2018	Az*YxR	Клиент	
Иванов 	Игнатий	Авксентьевич	loginDEobp2018	XNGjJy	Клиент	
Иванов 	Вячеслав	Парфеньевич	loginDEpxb2018	wso}8C	Администратор	
Иванов 	Антон	Степанович	loginDEpnq2018	D69F&h	Клиент	
Иванов 	Яков	Мэлорович	loginDEyfe2018	4Bbzpa	Клиент	
Иванова 		Зинаида	loginDEvod2018	0EW93v	Менеджер	
Игнатова 	Марфа	Артёмовна	loginDEoby2018	*j704g	Менеджер	
Игнатова 	Нинель	Лаврентьевна	loginDEwkl2018	415qNv	Администратор	
Игнатьев 	Федосей	Парфеньевич	loginDEwpz2018	eMn{Kl	Администратор	
Игнатьев 	Алексей	Вадимович	loginDEojz2018	N50|5T	Менеджер	
Игнатьев 	Авксентий	Германович	loginDEoxo2018	f}*V{M	Менеджер	
Игнатьев 	Игнатий	Антонинович	loginDEaob2018	3fy+3I	Администратор	
Игнатьев 	Федосей	Богданович	loginDEmin2018	pQ6jze	Менеджер	
Игнатьева 	Элеонора	Олеговна	loginDEmhc2018	mMYPim	Клиент	
Исаев 	Антон	Брониславович	loginDEbdb2018	nxULDN	Клиент	
Исаев 	Дмитрий	Аристархович	loginDEfrp2018	6dcR|9	Менеджер	
Исаева 	Елена	Валерьяновна	loginDEqcb2018	oMOLh+	Менеджер	
Исаков 	Константин	Яковович	loginDEidg2018	YjZW6A	Клиент	
Исаков 	Филат	Григорьевич	loginDEagt2018	HDZ&8{	Менеджер	
Исакова 	Прасковья	Олеговна	loginDEmos2018	gC*38U	Менеджер	
Кабанов 	Виктор	Парфеньевич	loginDEerm2018	XPr8zT	Клиент	
Кабанов 	Гордей	Геласьевич	loginDEkit2018	Zx89p+	Клиент	
Кабанова 	Алла	Фёдоровна	loginDEodw2018	AMSLmE	Клиент	
Кабанова 	Таисия	Донатовна	loginDEgwd2018	AVPVNQ	Клиент	
Казаков 	Онисим	Анатольевич	loginDEtug2018	b{7&Zf	Клиент	
Казаков 	Виктор	Аркадьевич	loginDEajx2018	TaE4Dg	Менеджер	
Казакова 	Фаина	Антониновна	loginDEykq2018	Veq1N7	Администратор	
Калашников 	Бронислав	Арсеньевич	loginDEuwn2018	wPbrBV	Менеджер	
Калашникова 	Александра	Владимировна	loginDEwoe2018	yOtw2F	Администратор	
Калинин 	Бронислав	Денисович	loginDEapw2018	NX6N*N	Менеджер	
Капустин 	Федот	Русланович	loginDEpul2018	1y2EaM	Администратор	
Капустин 	Фрол	Пётрович	loginDEcdz2018	e1oDkm	Клиент	
Карпов 	Дмитрий	Владимирович	loginDErwk2018	|nZOKu	Клиент	
Карпов 	Артём	Кимович	loginDEjyb2018	om9BwD	Администратор	
Карпов 	Улеб	Леонидович	loginDEcph2018	7YpE0p	Администратор	
Карпова 	Ольга	Лукьевна	loginDEcor2018	2cIrC8	Клиент	
Кириллов 	Серапион	Всеволодович	loginDExrj2018	WJrQlq	Менеджер	
Кириллова 	Эмилия	Федосеевна	loginDEfku2018	a1m+8c	Менеджер	
Киселёв 	Бронислав	Арсеньевич	loginDEnvw2018	blqZ85	Менеджер	
Князев 	Геласий	Евсеевич	loginDEghx2018	gue+iw	Менеджер	
Ковалёв 	Павел	Денисович	loginDEsep2018	sG40du	Менеджер	
Ковалёв 	Аристарх	Егорович	loginDEldj2018	kZwuDV	Администратор	
Ковалёва 	Феврония	Всеволодовна	loginDEdqb2018	w+Sx*+	Клиент	
Козлов 	Эдуард	Протасьевич	loginDEyzm2018	*Nx7JS	Администратор	
Козлова 	Мария	Валерьяновна	loginDEkww2018	KzFIWJ	Менеджер	
Козлова 	Вера	Георгьевна	loginDExhd2018	8sE1Q5	Администратор	
Колесников 	Пантелеймон	Якунович	loginDErvi2018	|9LJNA	Администратор	
Колобова 	Алина	Парфеньевна	loginDEdld2018	6OKEWQ	Клиент	
Колобова 	Елена	Евгеньевна	loginDExxv2018	+daE|T	Менеджер	
Комаров 	Всеволод	Степанович	loginDEjgu2018	ELrDod	Менеджер	
Комаров 	Альвиан	Юлианович	loginDEwbe2018	C&n1bj	Администратор	
Комаров 	Аркадий	Иванович	loginDEkdg2018	R0tt07	Администратор	
Комиссаров 	Тихон	Варламович	loginDEhwk2018	TeoCY0	Менеджер	
Комиссаров 	Семён	Павлович	loginDExky2018	Kt9EAS	Администратор	
Комиссарова 	Дарья	Парфеньевна	loginDEzvg2018	NEACzR	Клиент	
Кондратьев 	Бронислав	Тихонович	loginDEmwq2018	YZ{snT	Администратор	
Кондратьев 	Альвиан	Протасьевич	loginDEskh2018	X{x9ae	Администратор	
Кондратьев 	Аркадий	Михаилович	loginDEght2018	E3k7zP	Клиент	
Кондратьев 	Геннадий	Дмитрьевич	loginDEave2018	|+aXyG	Администратор	
Коновалов 	Игнатий	Юлианович	loginDEakk2018	f5aZnV	Менеджер	
Кононов 	Авдей	Протасьевич	loginDEqca2018	hLEkgV	Клиент	
Кононов 	Эдуард	Валентинович	loginDEgfw2018	3c2Ic1	Клиент	
Константинов 	Пётр	Кондратович	loginDEyvi2018	22beR}	Администратор	
Копылов 	Куприян	Пётрович	loginDEjvz2018	&|bGTy	Менеджер	
Копылова 	Антонина	Макаровна	loginDEuwy2018	m0S8Hy	Клиент	
Корнилов 	Филат	Артёмович	loginDEhzm2018	D*pP0+	Администратор	
Корнилов 	Иван	Игоревич	loginDEcay2018	ehtG*H	Менеджер	
Корнилова 	Марфа	Макаровна	loginDEpxi2018	+5X&hy	Клиент	
Котов 	Денис	Мартынович	loginDEgyi2018	|7nYPc	Администратор	
Котов 	Анатолий	Арсеньевич	loginDEdts2018	lyy5BX	Администратор	
Котова 	Светлана	Леонидовна	loginDEmgl2018	QJNgD&	Менеджер	
Кошелев 	Ростислав	Куприянович	loginDEphn2018	F}jGsJ	Клиент	
Кошелев 	Владислав	Лукьянович	loginDEatn2018	h{QXsQ	Менеджер	
Кошелева 	Кира	Владиславовна	loginDEdal2018	cJWXL0	Менеджер	
Красильников 	Геннадий	Романович	loginDEdfk2018	aqgkFV	Менеджер	
Красильников 	Тихон	Богданович	loginDEsmg2018	ApH1By	Клиент	
Крылова 	Людмила	Германовна	loginDEnpc2018	AozkWP	Клиент	
Крюков 	Даниил	Онисимович	loginDEarc2018	AZin*Q	Менеджер	
Крюков 	Евсей	Семёнович	loginDEoio2018	wHOAvL	Клиент	
Кудрявцев 	Евгений	Александрович	loginDEvgu2018	m8VeJw	Клиент	
Кудрявцев 	Дамир	Эдуардович	loginDEocb2018	6oLNd{	Администратор	
Кудрявцев 	Матвей	Игоревич	loginDEdof2018	kD|LRU	Менеджер	
Кудрявцев 	Гордей	Авксентьевич	loginDEnif2018	Nhj*t+	Менеджер	
Кудрявцева 	Жанна	Демьяновна	loginDErsy2018	{Aa6nS	Менеджер	
Кудрявцева 	Кира	Ефимовна	loginDEpdz2018	#ИМЯ?	Клиент	
Кузнецов 	Фрол	Варламович	loginDEfmn2018	cw3|03	Клиент	
Кузнецова 	Элеонора	Матвеевна	loginDEnux2018	{XMSKj	Администратор	
Кузьмин 	Василий	Валерьевич	loginDEyhv2018	zNZYk{	Администратор	
Кузьмина 	Лукия	Авдеевна	loginDEbwn2018	rr&WdV	Менеджер	
Кулагин 	Лукий	Брониславович	loginDEhrc2018	sk1mgK	Менеджер	
Кулагин 	Матвей	Якунович	loginDEheo2018	XiJmr9	Администратор	
Кулаков 	Протасий	Глебович	loginDEtbf2018	}g|DE+	Менеджер	
Кулаков 	Авдей	Донатович	loginDEaea2018	OQ8Kfz	Клиент	
Кулаков 	Мэлор	Вячеславович	loginDEipm2018	MAZl6|	Менеджер	
Лаврентьев 	Леонид	Игнатьевич	loginDEaba2018	#ИМЯ?	Администратор	
Лаврентьева 	Валентина	Васильевна	loginDEpwm2018	be7AT0	Клиент	
Лаврентьева 	Элеонора	Агафоновна	loginDEidz2018	G5DP2D	Клиент	
Лазарев 	Святослав	Олегович	loginDEaim2018	HdgRJI	Администратор	
Лазарев 	Протасий	Игоревич	loginDEnsr2018	VZKTog	Менеджер	
Лазарева 	Мария	Сергеевна	loginDEgcs2018	hNDB+t	Клиент	
Лапин 	Павел	Макарович	loginDEecp2018	iOJ*u2	Администратор	
Лапин 	Алексей	Витальевич	loginDEgno2018	4fqLiO	Администратор	
Лапин 	Вячеслав	Геласьевич	loginDEdat2018	ussd8Q	Администратор	
Лапина 	Фёкла	Мстиславовна	loginDEdhh2018	WpZhYf	Клиент	
Лапина 	Синклитикия	Аристарховна	loginDEteq2018	YI+ss5	Менеджер	
Ларионов 	Мартын	Геласьевич	loginDEwka2018	y}vBjg	Администратор	
Ларионова 	Василиса	Владимировна	loginDEebl2018	#ИМЯ?	Администратор	
Ларионова 	Фёкла	Филатовна	loginDEgzu2018	AkAXti	Администратор	
Лебедев 	Герман	Евгеньевич	loginDEzfz2018	GzUp*R	Клиент	
Лебедева 	Евдокия	Ивановна	loginDEzhf2018	xws6L9	Администратор	
Логинова 	Элеонора	Дмитрьевна	loginDEgcl2018	swu*ZT	Администратор	
Лукин 	Георгий	Альбертович	loginDEulo2018	#ИМЯ?	Администратор	
Лыткин 	Сергей	Агафонович	loginDEwia2018	qVG5zl	Администратор	
Лыткин 	Ким	Алексеевич	loginDEwqc2018	vRtAP*	Менеджер	
Лыткина 	Милица	Вячеславовна	loginDEjtd2018	ODotUj	Клиент	
Лыткина 	Алевтина	Романовна	loginDEsvs2018	tLgPnC	Менеджер	
Макаров 	Егор	Святославович	loginDEeib2018	DN0Zs&	Клиент	
Максимов 	Донат	Игнатьевич	loginDEiky2018	G&fF7n	Клиент	
Максимов 	Ириней	Дамирович	loginDEbbm2018	l4tp}r	Клиент	
Мамонтова 	Ия	Лукьяновна	loginDEjov2018	zS&ClK	Менеджер	
Мамонтова 	Ия	Христофоровна	loginDEtms2018	70Z&Zy	Администратор	
Мамонтова 	Элеонора	Максимовна	loginDEuup2018	yJ}w5s	Администратор	
Маркова 	Ираида	Сергеевна	loginDEkfg2018	r1060q	Клиент	
Мартынов 	Онисим	Ярославович	loginDElkc2018	BOvRGk	Менеджер	
Мартынов 	Олег	Олегович	loginDEpux2018	NrtA{k	Менеджер	
Мартынов 	Матвей	Антонович	loginDEhzq2018	QhSJos	Клиент	
Мартынов 	Онисим	Брониславович	loginDEdxi2018	ywLUbA	Менеджер	
Мартынова 	Клавдия	Лукьяновна	loginDEyjy2018	20uyVz	Клиент	
Маслов 	Геннадий	Куприянович	loginDEmiy2018	dK6+AE	Клиент	
Маслов 	Дмитрий	Иванович	loginDEpdp2018	8NvRfC	Менеджер	
Матвеев 	Илья	Федосеевич	loginDEysy2018	*M+eyt	Администратор	
Матвеев 	Яков	Христофорович	loginDEcpv2018	|titk+	Администратор	
Матвеев 	Кондрат	Иванович	loginDEovk2018	JyJM{A	Администратор	
Матвеев 	Борис	Мэлорович	loginDEiwx2018	9{rX8I	Менеджер	
Матвиенко 	Яков	Брониславович	loginDEvpz2018	mS0UxK	Менеджер	
Медведев 	Григорий	Агафонович	loginDEosl2018	O3O}we	Менеджер	
Медведев 	Владимир	Онисимович	loginDEfnd2018	74D9|d	Менеджер	
Медведев 	Евгений	Эдуардович	loginDEjzi2018	5cDW2|	Администратор	
Медведева 	Мария	Антониновна	loginDEsib2018	pM3n0J	Менеджер	
Медведева 	Пелагея	Мартыновна	loginDEubq2018	{jzW2v	Менеджер	
Медведева 	Ангелина	Валентиновна	loginDEnoq2018	qyKzu6	Администратор	
Медведева 	Лариса	Ростиславовна	loginDEypc2018	vtxvjy	Клиент	
Медведьев 	Федосей	Агафонович	loginDEvut2018	Y7Mm*Y	Менеджер	
Медведьев 	Николай	Мстиславович	loginDEvhm2018	DT}WrU	Менеджер	
Медведьев 	Василий	Варламович	loginDEmub2018	RDXGd1	Клиент	
Медведьев 	Руслан	Богданович	loginDElyc2018	#ИМЯ?	Менеджер	
Медведьева 	Таисия	Тихоновна	loginDExyu2018	7Fg}9p	Клиент	
Мельникова 	Таисия	Лукьяновна	loginDEunc2018	M*DY73	Клиент	
Мельникова 	Нонна	Альвиановна	loginDEwrl2018	CeSxSp	Менеджер	
Меркушев 	Дамир	Улебович	loginDEgho2018	kDKj}M	Менеджер	
Меркушева 	Евдокия	Кимовна	loginDEngr2018	#ИМЯ?	Менеджер	
Меркушева 	Нинель	Матвеевна	loginDEonq2018	mKIIRQ	Клиент	
Меркушева 	Раиса	Владленовна	loginDEgtk2018	pNWXhi	Клиент	
Миронова 	Глафира	Сергеевна	loginDEjqp2018	zTKmDa	Клиент	
Миронова 	Валерия	Владиславовна	loginDEppq2018	Wgi6Ff	Клиент	
Михайлов 	Ростислав	Вадимович	loginDEmrf2018	uEB&n4	Администратор	
Михеев 	Ярослав	Антонович	loginDEnqq2018	XKrJOU	Менеджер	
Михеева 	Евдокия	Якововна	loginDEvdy2018	|9AaAE	Администратор	
Мишин 	Ростислав	Пантелеймонович	loginDEeqk2018	I{iaU4	Менеджер	
Мишин 	Христофор	Леонидович	loginDEzre2018	N*VX+G	Клиент	
Мишин 	Донат	Брониславович	loginDEayo2018	wHQKY5	Администратор	
Мишина 	Глафира	Вадимовна	loginDErbv2018	7NrYfL	Менеджер	
Моисеев 	Лукьян	Вадимович	loginDErbm2018	D6SSd+	Клиент	
Моисеев 	Лукий	Борисович	loginDEbsc2018	myJPKm	Клиент	
Моисеев 	Фёдор	Мэлсович	loginDEtri2018	0VC{f|	Менеджер	
Моисеева 	Надежда	Протасьевна	loginDEcpb2018	|Be{Wn	Менеджер	
Молчанов 	Юрий	Лукьянович	loginDEjvp2018	etLGcB	Администратор	
Молчанова 	Эмилия	Мэлсовна	loginDEbbt2018	IclO}d	Менеджер	
Морозова 	Клавдия	Святославовна	 loginDEbho2018	AFvMyh	Администратор	
Мухин 	Донат	Ростиславович	loginDEwmq2018	ds4KAb	Администратор	
Назаров 	Степан	Макарович	loginDEmqs2018	KRp6IW	Менеджер	
Назаров 	Евгений	Юлианович	loginDEhhe2018	LKkrzY	Менеджер	
Наумов 	Мстислав	Павлович	loginDEvxf2018	yS2WHF	Менеджер	
Наумова 	Пелагея	Лукьяновна	loginDEybw2018	d+t136	Администратор	
Наумова 	Лариса	Антоновна	loginDEsdu2018	}MbQZe	Менеджер	
Некрасова 	Ирина	Ильяовна	loginDEnsz2018	WS}BK1	Менеджер	
Нестеров 	Виктор	Юлианович	loginDEjhb2018	PNvt8N	Клиент	
Нестеров 	Альберт	Мстиславович	loginDEmww2018	ukBtoC	Администратор	
Нестеров 	Андрей	Даниилович	loginDEcsu2018	HOFZa6	Клиент	
Нестеров 	Анатолий	Павлович	loginDEgza2018	PXAA7c	Администратор	
Нестеров 	Авдей	Митрофанович	loginDEnig2018	Cm00D0	Клиент	
Нестерова 	Нина	Юрьевна	loginDErxe2018	0egZd8	Клиент	
Никитин 	Борис	Евгеньевич	loginDEjrd2018	8tl2a+	Менеджер	
Никитин 	Аркадий	Дмитрьевич	loginDElag2018	NupBH|	Клиент	
Никифоров 	Всеволод	Иванович	loginDEjrm2018	Cpb+Im	Клиент	
Никифоров 	Владлен	Васильевич	loginDEijp2018	*V969Y	Клиент	
Николаев 	Руслан	Варламович	loginDEclw2018	h5Q{Nx	Клиент	
Николаев 	Ефим	Константинович	loginDElsk2018	h0OP2P	Менеджер	
Николаева 	Ирина	Федотовна	loginDEtol2018	&ksGM5	Администратор	
Николаева 	Василиса	Всеволодовна	loginDEljn2018	368eRp	Администратор	
Николаева 	Евдокия	Пётровна	loginDEncq2018	GgG3m0	Менеджер	
Никонов 	Богдан	Юлианович	loginDEvdj2018	5Eq6d|	Менеджер	
Никонов 	Игорь	Мстиславович	loginDEuyn2018	kSOtL9	Клиент	
Никонов 	Виктор	Русланович	loginDEpjw2018	T*wJeK	Менеджер	
Никонов 	Роман	Геласьевич	loginDEwdm2018	&PynqU	Менеджер	
Никонов 	Мэлс	Лукьевич	loginDEuro2018	a1MIcO	Клиент	
Новиков 	Николай	Мэлсович	loginDEwtx2018	Ig3rQJ	Клиент	
Новикова 	Лукия	Ярославовна	loginDEwjv2018	ZfseKA	Менеджер	
Носков 	Альвиан	Онисимович	loginDEhej2018	K9Z5Vp	Администратор	
Носков 	Парфений	Георгьевич	loginDElqv2018	Hqfw17	Клиент	
Носков 	Александр	Богданович	loginDEjfr2018	nxLt10	Менеджер	
Носкова 	Нинель	Иринеевна	loginDExdd2018	rp22fO	Менеджер	
Носкова 	Пелагея	Валерьевна	loginDEyek2018	KY2BL4	Клиент	
Носова 	Наина	Эдуардовна	loginDEcmk2018	3f+b0+	Администратор	
Одинцов 	Никита	Игоревич	loginDExsn2018	lY3vnH	Администратор	
Одинцов 	Даниил	Мстиславович	loginDEsvp2018	4kES&p	Менеджер	
Орехова 	Агафья	Пантелеймоновна	loginDEifv2018	V61gmp	Клиент	
Орлов 	Виктор	Павлович	loginDEqms2018	|uq7Lb	Менеджер	
Осипов 	Евгений	Иванович	loginDEqrd2018	sApUbt	Администратор	
Осипов 	Артём	Мэлорович	loginDEgup2018	36|KhF	Клиент	
Павлов 	Константин	Гордеевич	loginDEquw2018	65j6kZ	Клиент	
Павлов 	Максим	Фёдорович	loginDEnbi2018	Ed*JQP	Клиент	
Панов 	Пётр	Пётрович	loginDEmyz2018	gKQ4r+	Администратор	
Панова 	Тамара	Протасьевна	loginDEmqf2018	*eh|rQ	Клиент	
Панова 	Ольга	Олеговна	loginDEgbd2018	+86Nf*	Менеджер	
Панфилов 	Кондрат	Антонинович	loginDEtaa2018	R8oTaQ	Клиент	
Панфилова 	Марина	Борисовна	loginDEbjs2018	Xap2ct	Менеджер	
Панфилова 	Василиса	Григорьевна	loginDEikb2018	*QkUxc	Администратор	
Пахомов 	Донат	Евсеевич	loginDEdya2018	tS2NmR	Администратор	
Пахомов 	Дмитрий	Юлианович	loginDEruq2018	mXdZTI	Администратор	
Пахомов 	Протасий	Артёмович	loginDEnei2018	M2pIA8	Клиент	
Пахомова 	Зинаида	Витальевна	loginDEwtz2018	&GxSST	Клиент	
Пестов 	Николай	Константинович	loginDEqxo2018	8iqEG*	Менеджер	
Пестов 	Богдан	Германнович	loginDEqsc2018	UU|FkZ	Администратор	
Пестова 	Ия	Святославовна	loginDErot2018	I+0E2j	Менеджер	
Петрова 	Иванна	Андреевна	loginDEzqn2018	Lgd57H	Клиент	
Петухов 	Гордей	Серапионович	loginDEepk2018	VZ&Ak7	Администратор	
Петухова 	Элеонора	Ильяовна	loginDEjgq2018	gJEYkn	Менеджер	
Петухова 	Василиса	Еремеевна	loginDEsku2018	fUldqr	Администратор	
Поляков 	Лукьян	Викторович	loginDEknj2018	hKZfoC	Клиент	
Поляков 	Яков	Юлианович	loginDEajj2018	hzO1*o	Клиент	
Поляков 		Мэлор	loginDEndh2018	JUYAwS	Клиент	
Поляков 	Анатолий	Игоревич	loginDEtfz2018	uQY0ZQ	Клиент	
Поляков 	Николай	Антонович	loginDErmk2018	D3GuIv	Менеджер	
Поляков 	Георгий	Авдеевич	loginDEmnq2018	laFpJG	Менеджер	
Полякова 	Анна	Денисовна	loginDEuxg2018	K8jui7	Клиент	
Полякова 	Антонина	Андреевна	loginDEhhf2018	d+GS5y	Клиент	
Пономарёв 	Ярослав	Лаврентьевич	loginDEvln2018	keXJ3o	Клиент	
Пономарёв 	Владлен	Протасьевич	loginDEhnt2018	3X5|Jy	Администратор	
Пономарёв 	Ким	Семёнович	loginDEofx2018	dMTmGz	Клиент	
Попов 	Илья	Филатович	loginDEyza2018	CsA9|P	Менеджер	
Попова 	Татьяна	Артёмовна	loginDEgwc2018	zWQpyU	Администратор	
Прохоров 	Олег	Брониславович	loginDEtmt2018	}FOh*}	Менеджер	
Прохорова 	Нина	Улебовна	loginDEfuv2018	xSvieW	Менеджер	
Путин 	Станислав	Протасьевич	loginDEaul2018	MTZb+A	Клиент	
Рогов 	Ким	Станиславович	loginDEdlu2018	JgY{Zo	Администратор	
Рогов 	Никита	Вячеславович	loginDEswq2018	Rm&++t	Клиент	
Рожков 	Глеб	Гордеевич	loginDEwxv2018	qK6y{W	Клиент	
Рожков 	Тихон	Владиславович	loginDEymi2018	nR0+pI	Администратор	
Рожков 	Протасий	Альвианович	loginDEisy2018	5k5dHN	Менеджер	
Романов 	Германн	Серапионович	loginDEiho2018	UIlg{8	Менеджер	
Романов 	Аристарх	Ильяович	loginDEjno2018	kuLGGL	Менеджер	
Романова 	Марина	Лаврентьевна	loginDEsnq2018	hrD}}g	Администратор	
Романова 	Оксана	Мартыновна	loginDEcda2018	Ji63Jt	Клиент	
Русаков 	Ярослав	Агафонович	loginDEqoa2018	NUeFuT	Администратор	
Русаков 	Борис	Христофорович	loginDExil2018	w+++Ht	Администратор	
Рыбаков 	Андрей	Семёнович	loginDEdsm2018	dQPs1p	Менеджер	
Рыбакова 	Евдокия	Анатольевна	loginDExsu2018	*2RMsp	Клиент	
Рябова 	Лукия	Руслановна	loginDEhne2018	Lidn5o	Администратор	
Савельев 	Арсений	Авксентьевич	loginDEpnb2018	{ADBdc	Администратор	
Савельева 	Олимпиада	Данииловна	loginDEfxd2018	uZm+f6	Менеджер	
Савельева 	Евфросиния	Арсеньевна	loginDEvtg2018	ETMNzL	Администратор	
Савельева 	Феврония	Фёдоровна	loginDEsjj2018	wuVex4	Менеджер	
Савина 	Таисия	Глебовна	loginDEima2018	XK3sOA	Администратор	
Сазонов 	Протасий	Игоревич	loginDEthb2018	Lt7|ok	Менеджер	
Сазонова 	Оксана	Лаврентьевна	loginDExvq2018	hX0wJz	Администратор	
Сазонова 	Клавдия	Евгеньевна	loginDEfzq2018	36H8f}	Администратор	
Самойлов 	Богдан	Геласьевич	loginDEjdf2018	*jzOGy	Администратор	
Самойлов 	Агафон	Юлианович	loginDExdk2018	qZhYRF	Менеджер	
Самойлова 	Клавдия	Владленовна	loginDEjre2018	Ea5FeF	Клиент	
Самсонов 	Альвиан	Игнатьевич	loginDEqzo2018	Gy3lzx	Менеджер	
Самсонов 	Агафон	Максимович	loginDEthu2018	|0xWzV	Клиент	
Сафонов 	Семён	Лаврентьевич	loginDEqpk2018	Tnh3DJ	Менеджер	
Сафонов 	Станислав	Григорьевич	loginDEgpt2018	Gao1gX	Администратор	
Селезнёв 	Федот	Валентинович	loginDEzbl2018	ih4xKJ	Менеджер	
Семёнов 	Герман	Дмитрьевич	loginDErdg2018	ni0ue0	Менеджер	
Семёнова 	Марина	Юрьевна	loginDEuug2018	aHl3qb	Менеджер	
Сергеева 	Зоя	Пётровна	loginDEguz2018	7wsWd4	Клиент	
Сергеева 	Таисия	Альвиановна	loginDElvm2018	elWeXR	Клиент	
Сидоров 	Роман	Иринеевич	loginDEijg2018	4QlKJW	Менеджер	
Силин 	Игорь	Авдеевич	loginDExdm2018	DH68L9	Администратор	
Силин 	Вячеслав	Валерьевич	loginDEfug2018	z|6cXV	Клиент	
Силин 	Игнатий	Яковович	loginDEako2018	tD8J5+	Администратор	
Симонов 	Юрий	Созонович	loginDEltw2018	zvjkwE	Администратор	
Ситников 	Игорь	Борисович	loginDEqup2018	95AU|R	Администратор	
Ситников 	Парфений	Всеволодович	loginDEdpy2018	MJ0W|f	Менеджер	
Ситников 	Николай	Филатович	loginDEbto2018	b1iYMI	Клиент	
Ситникова 	Ираида	Андреевна	loginDEpqz2018	F0Bp7F	Менеджер	
Ситникова 	София	Лукьевна	loginDEvni2018	e4pVIv	Клиент	
Смирнов 	Евсей	Сергеевич	loginDEron2018	ywlASa	Менеджер	
Смирнов 	Сергей	Яковович	loginDEwld2018	y9HStF	Менеджер	
Смирнова 	Елена	Якововна	loginDExjm2018	0PYqey	Администратор	
Соболев 	Фрол	Германович	loginDEvqh2018	oQmpma	Менеджер	
Соболев 	Геннадий	Якунович	loginDExic2018	bp&g7f	Менеджер	
Соболев 	Даниил	Николаевич	loginDEzta2018	cMVEpF	Клиент	
Соболева 	Валентина	Созоновна	loginDEjzb2018	lRjz+1	Клиент	
Соколов 	Василий	Михаилович	loginDEtps2018	G&lq7J	Администратор	
Соколова 	Марфа	Всеволодовна	loginDErog2018	&W4Wtq	Клиент	
Соловьёв 	Андрей	Александрович	loginDEsyq2018	2QbpBN	Менеджер	
Соловьёва 	Полина	Игоревна	loginDErtg2018	bg7NzS	Клиент	
Сорокин 	Агафон	Семёнович	loginDEmmh2018	x1wAHo	Менеджер	
Сорокин 	Лаврентий	Аркадьевич	loginDEivc2018	Ci52qh	Клиент	
Сорокин 	Сергей	Олегович	loginDEoqc2018	*Cm6gW	Менеджер	
Сорокина 	Прасковья	Фёдоровна	loginDEbur2018	aZKGeI	Менеджер	
Степанов 	Виталий	Лукьевич	loginDEdrj2018	eD*hjv	Клиент	
Степанов 	Григорий	Матвеевич	loginDErhl2018	U}rb9j	Администратор	
Степанова 	Маргарита	Ильяовна	loginDEdmj2018	J+}Wvc	Менеджер	
Степанова 	Глафира	Авксентьевна	loginDEhsb2018	n|I6A0	Клиент	
Стрелкова 	Лариса	Варламовна	loginDEtyn2018	8qte+l	Менеджер	
Стрелкова 	Фаина	Федосеевна	loginDEpxc2018	G+nFsv	Клиент	
Субботина 	Оксана	Геннадьевна	loginDEiam2018	b+*n+0	Клиент	
Суворов 	Дамир	Яковович	loginDEtic2018	gIXztH	Администратор	
Суворова 	Зинаида	Александровна	loginDEcdg2018	UYNHsU	Клиент	
Суворова 	Валерия	Борисовна	loginDEgyt2018	Pav+GP	Администратор	
Суханов 	Мартын	Глебович	loginDEkzp2018	G*n9OB	Администратор	
Суханов 	Станислав	Фролович	loginDEzde2018	tlO3x&	Менеджер	
Суханова 	Евгения	Улебовна	loginDExvv2018	R1zh}|	Менеджер	
Сысоев 	Демьян	Антонинович	loginDErwb2018	v5RpBS	Администратор	
Сысоев 	Даниил	Даниилович	loginDEqok2018	kZ6|yS	Администратор	
Сысоев 	Виктор	Варламович	loginDEpbt2018	}}vuSH	Администратор	
Тарасова 	Зоя	Якуновна	loginDEyan2018	uf6Krf	Администратор	
Тарасова 	Людмила	Макаровна	loginDEvrn2018	AfSRZI	 Клиент	
Терентьев 	Игорь	Александрович	loginDEell2018	7wQfBj	Клиент	
Терентьева 	Вероника	Протасьевна	loginDEgju2018	C7nYc{	Администратор	
Терентьева 	Анна	Дамировна	loginDExeb2018	Oa}fkk	Клиент	
Терентьева 	Анжела	Михаиловна	loginDEemw2018	NxhF5I	Администратор	
Тетерин 	Варлам	Кимович	loginDEtix2018	Y5zv9+	Администратор	
Тетерин 	Ириней	Викторович	loginDEsct2018	1j*J8T	Администратор	
Тетерин 	Всеволод	Ростиславович	loginDEwlw2018	9gIoYv	Клиент	
Тетерина 	Феврония	Эдуардовна	loginDEriv2018	GJ2mHL	Менеджер	
Тимофеев 	Фёдор	Валентинович	loginDEhnh2018	m0WYQH	Администратор	
Тимофеев 	Федот	Германнович	loginDEwmh2018	YTtWqJ	Менеджер	
Тимофеев 	Мартын	Еремеевич	loginDEupi2018	WNX1|z	Администратор	
Тимофеева 	Елизавета	Мэлсовна	loginDEkea2018	82af{y	Менеджер	
Титов 	Семён	Иринеевич	loginDEexu2018	Nt44pG	Менеджер	
Тихонов 	Валентин	Авдеевич	loginDEapt2018	cwx{RH	Клиент	
Третьяков 	Аристарх	Геннадьевич	loginDEjef2018	J+F{R1	Клиент	
Третьяков 	Фёдор	Вадимович	loginDEsmf2018	{{O2QG	Клиент	
Трофимов 	Ярослав	Валентинович	loginDEdlw2018	4tyo1M	Клиент	
Трофимов 	Иван	Антонинович	loginDEmch2018	IC2+2a	Клиент	
Туров 	Лукий	Альбертович	loginDErgc2018	Hr9YpQ	Администратор	
Туров 	Юлиан	Парфеньевич	loginDEzeq2018	WlZOJ3	Администратор	
Турова 	Василиса	Алексеевна	loginDEsty2018	Caam+a	Администратор	
Уваров 	Руслан	Иринеевич	loginDEyaa2018	8}w*yf	Менеджер	
Уваров 	Макар	Юрьевич	loginDEpzs2018	AVm+Oj	Менеджер	
Уваров 	Анатолий	Парфеньевич	loginDEcnj2018	QCQd0Z	Клиент	
Уварова 	Наталья	Евгеньевна	loginDEfvq2018	*uGVVE	Менеджер	
Устинов 	Владимир	Федосеевич	loginDEctf2018	sjt*3N	Администратор	
Устинова 	Милица	Георгьевна	loginDEpll2018	J9pnJW	Менеджер	
Устинова 	Ираида	Мэлоровна	loginDErvb2018	ceAf&R	Администратор	
Фадеев 	Христофор	Вячеславович	loginDEtqn2018	IdjLc2	Администратор	
Фадеев 	Виталий	Анатольевич	loginDEqkn2018	KdU6uK	Клиент	
Фадеев 	Николай	Денисович	loginDEmqg2018	4*M&VK	Клиент	
Фёдоров 	Аркадий	Николаевич	loginDExxh2018	UgbzHK	Клиент	
Федосеев 	Иван	Валентинович	loginDEiyy2018	Ip|*iS	Клиент	
Федосеева 	Иванна	Михаиловна	loginDEpdu2018	#ИМЯ?	Администратор	
Федосеева 	Тамара	Михаиловна	loginDEjrs2018	MVg{yd	Администратор	
Филатов 	Константин	Вадимович	loginDEejw2018	4}szdy	Клиент	
Филиппов 	Борис	Геннадьевич	loginDEppv2018	yg1DH+	Клиент	
Филиппова 	Фаина	Фёдоровна	loginDEtqw2018	UJW+*N	Клиент	
Фомин 	Владимир	Игнатьевич	loginDExid2018	FywuoL	Администратор	
Фомичёв 	Денис	Федосеевич	loginDEeka2018	mLZvLv	Менеджер	
Фомичёв 	Богдан	Федотович	loginDEzpz2018	PRI8h7	Администратор	
Харитонов 	Ириней	Авксентьевич	loginDEyeg2018	CFEe+Z	Клиент	
Хохлов 	Семён	Авдеевич	loginDEqbh2018	GZq4nd	Менеджер	
Хохлова 	Мария	Тихоновна	loginDExyv2018	wSMsO2	Администратор	
Цветкова 	Алина	Улебовна	loginDEafs2018	Wiw0VR	Администратор	
Чернов 	Арсений	Германнович	loginDEhya2018	#ИМЯ?	Клиент	
Шарапова 	Марина	Павловна	loginDEkjs2018	A8K6dL	Клиент	
Шарапова 	Глафира	Мстиславовна	loginDElqo2018	TiSXX{	Менеджер	
Шаров 	Герман	Митрофанович	loginDEyje2018	zxEUoz	Менеджер	
Шаров 	Федосей	Юрьевич	loginDEmbg2018	Fou{d3	Администратор	
Шашков 	Филат	Кимович	loginDEriw2018	W39VRH	Менеджер	
Шестаков 	Антон	Константинович	loginDEyat2018	ELSTyH	Менеджер	
Шестаков 	Илья	Антонинович	loginDEjtv2018	f2ZaN6	Клиент	
Шилов 	Матвей	Альбертович	loginDEhvg2018	SaHv6w	Администратор	
Шилова 	Кира	Егоровна	loginDEyiw2018	cnj3QR	Менеджер	
Шилова 	Татьяна	Георгьевна	loginDEpmj2018	0{6txi	Менеджер	
Ширяев 	Иван	Игоревич	loginDEfhd2018	{4wU7n	Администратор	
Ширяева 	Наина	Васильевна	loginDEwkn2018	2*lKn+	Клиент	
Шубин 	Тихон	Лаврентьевич	loginDEpri2018	RI2*T9	Менеджер	
Шубина 	Маргарита	Анатольевна	loginDEpgh2018	YV2lvh	Менеджер	
Щербаков 	Лукий	Онисимович	loginDEdaq2018	dWsvBS	Клиент	
Щербаков 	Георгий	Богданович	loginDExrf2018	mhpRIT	Клиент	
Щукин 	Федосей	Павлович	loginDEvzy2018	T5Qaaa	Администратор	
Щукина 	Марфа	Глебовна	loginDEcxk2018	sM*fqO	Клиент	
Юдин 	Валентин	Геласьевич	loginDEwpm2018	zqnoi|	Клиент	
Юдин 	Герман	Кондратович	loginDEwjg2018	9UfqWQ	Клиент	
Юдин 	Антон	Васильевич	loginDEiks2018	FXV&W*	Клиент	
Яковлев 	Ефим	Ильяович	loginDEsar2018	2M2IQH	Клиент	
Яковлев 	Фёдор	Мартынович	loginDEjoa2018	kChmEo	Администратор	
Яковлева 	Валерия	Михаиловна	loginDEytk2018	7D9re0	Администратор	
Якушев 	Германн	Мэлорович	loginDEkxq2018	8igB2p	Клиент	
Якушев 	Валерьян	Викторович	loginDEckd2018	apfX0U	Администратор	
Якушева 	Анастасия	Якуновна	loginDEwvl2018	&9Vpqk	Менеджер	
